<?xml version="1.0" encoding="utf-8"?>
<!-- @version 			$Id:$ -->
<!-- @name			    Cars In Georgia (Release 1.0.0) -->
<!-- @author			Giorgi Bibilashvili () -->
<!-- @package			com_geocars -->
<!-- @subpackage		com_geocars.mod_geocars -->
<!-- @copyright		     -->
<!-- @license			GNU General Public License version 3 or later; See http://www.gnu.org/copyleft/gpl.html -->

<!-- The following Component Architect header section must remain in any distribution of this file -->

<!-- @CAversion			Id: mod_architectcomp.xml 418 2014-10-22 14:42:36Z BrianWade $ -->
<!-- @CAauthor		    Component Architect (www.componentarchitect.com) -->
<!-- @CApackage		    architectcomp -->
<!-- @CAsubpackage	    architectcomp.mod_architectcomp -->
<!-- @CAtemplate		joomla_2_5_standard (Release 1.0.4) -->
<!-- @CAcopyright		Copyright (c)2013 - 2014 Simply Open Source Ltd. (trading as Component Architect). All Rights Reserved -->
<!-- @Joomlacopyright   Copyright (c)2005 - 2014 Open Source Matters, Inc. All rights reserved. -->
<!-- @CAlicense		    GNU General Public License version 3 or later; See http://www.gnu.org/copyleft/gpl.html -->

<!-- This program is free software: you can redistribute it and/or modify it under the terms of the GNU General Public License as published by -->
<!-- the Free Software Foundation, either version 3 of the License, or (at your option) any later version. -->

<!-- This program is distributed in the hope that it will be useful, but WITHOUT ANY WARRANTY; without even the implied warranty of -->
<!-- MERCHANTABILITY or FITNESS FOR A PARTICULAR PURPOSE.  See the GNU General Public License for more details. -->

<extension type="module" version="2.5" client="site" method="upgrade">
    <name>mod_geocars</name>
    <author>Giorgi Bibilashvili</author>
    <creationDate>January 2015</creationDate>
    <copyright>
    </copyright>
    <license>
        GNU General Public License version 3 or later; See http://www.gnu.org/copyleft/gpl.html
    </license>
    <authorEmail>giorgi.bibilashvili89@gmail.com</authorEmail>
    <authorUrl></authorUrl>
    <version>1.0.0</version>
    <description>MOD_GEOCARS_XML_DESCRIPTION</description>
    <files>
        <filename module="mod_geocars">mod_geocars.php</filename>
        <folder>tmpl</folder>
        <filename>helper.php</filename>
        <filename>index.html</filename>
        <filename>mod_geocars.xml</filename>
    </files>
    <languages>
        <language tag="en-GB">language/en-GB/en-GB.mod_geocars.ini</language>
        <language tag="en-GB">language/en-GB/en-GB.mod_geocars.sys.ini</language>
    </languages>
    <config>
        <fields name="params">
            <fieldset
			    name="geocars"
			    label="MOD_GEOCARS_PARAMETERS"
			>
                <field
                    name="componentobject"
                    type="list"
                    label="MOD_GEOCARS_FIELD_SELECT_COMPONENTOBJECT_LABEL"
                    description="MOD_GEOCARS_FIELD_SELECT_COMPONENTOBJECT_DESC"
                    required="true"
		        >
                    <option value="Car:Cars">Car</option>
                </field>
                <field
					name="user_id"
					type="list"
					label="MOD_GEOCARS_FIELD_USER_LABEL"
					description="MOD_GEOCARS_FIELD_USER_DESC"
					default="0"
				>
                    <option value="0">MOD_GEOCARS_VALUE_ANYONE</option>
                    <option value="by_me">MOD_GEOCARS_VALUE_ADDED_BY_ME</option>
                    <option value="not_me">MOD_GEOCARS_VALUE_NOTADDED_BY_ME</option>
                </field>
                <field
					name="ordering"
					type="list"
					label="MOD_GEOCARS_FIELD_ORDERING_LABEL"
					description="MOD_GEOCARS_FIELD_ORDERING_DESC"
				>

                    <option value="cars h_dsc">MOD_GEOCARS_CARS_VALUE_MOST_HITS</option>
                    <option value="cars n_asc">MOD_GEOCARS_CARS_VALUE_NAME_ALPHA</option>
                    <option value="cars n_dsc">MOD_GEOCARS_CARS_VALUE_NAME_RALPHA</option>
                    <option value="cars o_asc">MOD_GEOCARS_CARS_VALUE_ORDERING</option>
                </field>
                <field
					name="count"
					type="text"
					default="5"
					label="MOD_GEOCARS_FIELD_COUNT_LABEL"
					description="MOD_GEOCARS_FIELD_COUNT_DESC"
				/>
                <field
					name="style"
					type="list"
					label="MOD_GEOCARS_FIELD_STYLE_LABEL"
					description="MOD_GEOCARS_FIELD_STYLE_DESC"
					default=""
				>
                    <option value="">MOD_GEOCARS_VALUE_PLAIN</option>
                    <option value="ul">MOD_GEOCARS_VALUE_BULLETS</option>
                    <option value="ol">MOD_GEOCARS_VALUE_NUMBERED</option>
                </field>
                <field
					name="itemid"
					type="menuitem"
					disable="separator"
					label="MOD_GEOCARS_FIELD_ITEMID_LABEL"
					description="MOD_GEOCARS_FIELD_ITEMID_DESC" >
                    <option
						value="">JDEFAULT</option>
                </field>
            </fieldset>

            <fieldset
				name="advanced"
			>
                <field
					name="layout"
					type="modulelayout"
					label="JFIELD_ALT_LAYOUT_LABEL"
					description="JFIELD_ALT_MODULE_LAYOUT_DESC"
				/>
                <field
					name="moduleclass_sfx"
					type="text"
					label="COM_MODULES_FIELD_MODULECLASS_SFX_LABEL"
					description="COM_MODULES_FIELD_MODULECLASS_SFX_DESC"
				/>

                <field
					name="cache"
					type="list"
					default="1"
					label="COM_MODULES_FIELD_CACHING_LABEL"
					description="COM_MODULES_FIELD_CACHING_DESC"
				>
                    <option value="1">JGLOBAL_USE_GLOBAL</option>
                    <option value="0">COM_MODULES_FIELD_VALUE_NOCACHING</option>
                </field>

                <field
					name="cache_time"
					type="text"
					default="900"
					label="COM_MODULES_FIELD_CACHE_TIME_LABEL"
					description="COM_MODULES_FIELD_CACHE_TIME_DESC"
				/>
                <field
					name="cachemode"
					type="hidden"
					default="static"
				>
                    <option value="static"></option>
                </field>
            </fieldset>
        </fields>
    </config>
</extension>