<?xml version="1.0" encoding="utf-8"?>

<!-- @version 			$Id:$ -->
<!-- @name			    Cars In Georgia (Release 1.0.0) -->
<!-- @author			Giorgi Bibilashvili () -->
<!-- @package			com_geocars -->
<!-- @subpackage		com_geocars.admin -->
<!-- @copyright		     -->
<!-- @license			GNU General Public License version 3 or later; See http://www.gnu.org/copyleft/gpl.html -->

<!-- The following Component Architect header section must remain in any distribution of this file -->

<!-- @CAversion			Id: architectcomp.xml 418 2014-10-22 14:42:36Z BrianWade $ -->
<!-- @CAauthor		    Component Architect (www.componentarchitect.com) -->
<!-- @CApackage		    architectcomp -->
<!-- @CAsubpackage	    architectcomp.admin -->
<!-- @CAtemplate		joomla_2_5_standard (Release 1.0.4) -->
<!-- @CAcopyright		Copyright (c)2013 - 2014 Simply Open Source Ltd. (trading as Component Architect). All Rights Reserved -->
<!-- @Joomlacopyright   Copyright (c)2005 - 2014 Open Source Matters, Inc. All rights reserved. -->
<!-- @CAlicense		    GNU General Public License version 3 or later; See http://www.gnu.org/copyleft/gpl.html -->

<!-- This program is free software: you can redistribute it and/or modify it under the terms of the GNU General Public License as published by -->
<!-- the Free Software Foundation, either version 3 of the License, or (at your option) any later version. -->

<!-- This program is distributed in the hope that it will be useful, but WITHOUT ANY WARRANTY; without even the implied warranty of -->
<!-- MERCHANTABILITY or FITNESS FOR A PARTICULAR PURPOSE.  See the GNU General Public License for more details. -->

<extension type="component" version="2.5" method="upgrade">
    <name>com_geocars</name>
    <author>Giorgi Bibilashvili</author>
    <creationDate>January 2015</creationDate>
    <copyright>
    </copyright>
    <license>
        GNU General Public License version 3 or later; See http://www.gnu.org/copyleft/gpl.html
    </license>
    <authorEmail>giorgi.bibilashvili89@gmail.com</authorEmail>
    <authorUrl></authorUrl>
    <version>1.0.0</version>
    <description>
    </description>
    <files folder="site">
        <filename>geocars.php</filename>
        <filename>controller.php</filename>
        <filename>index.html</filename>
        <filename>router.php</filename>
        <folder>assets</folder>
        <folder>controllers</folder>
        <folder>helpers</folder>
        <folder>language</folder>
        <folder>models</folder>
        <folder>views</folder>
    </files>
    <media destination="com_geocars" folder="media">
        <filename>index.html</filename>
        <folder>administrator</folder>
        <folder>images</folder>
    </media>

    <administration>
        <!--
				Note that all & must be escaped to &amp; for the file to be valid
				XML and be parsed by the installer
			-->
        <menu img="../media/com_geocars/images/geocars.png"
              alt="Cars In Georgia">COM_GEOCARS</menu>
        <submenu>
            <menu link="option=com_geocars&amp;view=cars" alias="cars" img="../media/com_geocars/images/geocars-cars.png"
                    alt="Cars In Georgia/Cars">COM_GEOCARS_CARS</menu>
            <menu link="option=com_categories&amp;extension=com_geocars" view="categories" img="../media/com_geocars/images/geocars-categories.png"
                    alt="Cars In Georgia/Categories">COM_GEOCARS_CATEGORIES</menu>
        </submenu>

        <files folder="admin">
            <filename>access.xml</filename>
            <filename>config.xml</filename>
            <filename>geocars.php</filename>
            <filename>controller.php</filename>
            <filename>geocars_uninstall.html</filename>
            <filename>gpl-3.0.txt</filename>
            <filename>index.html</filename>
            <folder>assets</folder>
            <folder>controllers</folder>
            <folder>helpers</folder>
            <folder>language</folder>
            <folder>models</folder>
            <folder>tables</folder>
            <folder>sql</folder>
            <folder>views</folder>
        </files>
        <languages folder="admin/language">
            <language tag="en-GB">en-GB/en-GB.com_geocars.sys.ini</language>
        </languages>
        
    </administration>
    <modules>
        <module folder="modules" module="mod_geocars" />
        <module folder="modules" module="mod_geocars_cars" />
    </modules>

    <plugins>
        <plugin folder="plugins/finder" plugin="plg_finder_cars" group="finder" />
        <plugin folder="plugins/search" plugin="plg_search_cars" group="search" />
        <plugin folder="plugins/geocars" plugin="plg_geocars_finder" group="geocars" />
        <plugin folder="plugins/geocars" plugin="plg_geocars_itemnavigation" group="geocars" />
        <plugin folder="plugins/geocars" plugin="plg_geocars_vote" group="geocars" />
    </plugins>
    <!-- Runs on install/uninstall/update; New in 1.6 -->
    <scriptfile>geocars_install.php</scriptfile>
          
    <install>
        <!-- Runs on install -->
        <sql>
            <file driver="mysql" charset="utf8">sql/install.geocars_mysql.utf8.sql</file>
        </sql>
    </install>
    <uninstall>
        <!-- Runs on uninstall -->
        <sql>
            <file driver="mysql" charset="utf8">sql/uninstall.geocars_mysql.utf8.sql</file>
        </sql>
    </uninstall>
    <update>
        <!-- Runs on update; -->
        <schemas>
            <schemapath type="mysql">sql/updates/mysql</schemapath>
        </schemas>
    </update>
    <config>
        <fields name="params">
            <fieldset
                name="categories"
                label="JCATEGORIES"
                description="COM_GEOCARS_FIELD_CONFIG_CATEGORIES_DESC"
	        >
                <field
                    name="show_categories_base_description"
                    type="list"
                    label="JGLOBAL_FIELD_SHOW_BASE_DESCRIPTION_LABEL"
                    description="JGLOBAL_FIELD_SHOW_BASE_DESCRIPTION_DESC"
                    default="1"
		        >
                    <option value="0">JHIDE</option>
                    <option value="1">JSHOW</option>
                </field>
                <field
                    name="show_empty_categories"
                    type="list"
                    label="JGLOBAL_SHOW_EMPTY_CATEGORIES_LABEL"
                    description="COM_GEOCARS_SHOW_EMPTY_CATEGORIES_DESC"
                    default="1"
		        >
                    <option value="0">JHIDE</option>
                    <option value="1">JSHOW</option>
                </field>
                <field
                    name="show_subcategories_desc"
                    type="list"
                    label="JGLOBAL_SHOW_SUBCATEGORIES_DESCRIPTION_LABEL"
                    description="JGLOBAL_SHOW_SUBCATEGORIES_DESCRIPTION_DESC"
                    default="1"
		        >
                    <option value="0">JHIDE</option>
                    <option value="1">JSHOW</option>
                </field>
                <field
                    name="show_categories_max_level"
                    type="list"
                    label="JGLOBAL_MAXIMUM_CATEGORY_LEVELS_LABEL"
                    description="JGLOBAL_MAXIMUM_CATEGORY_LEVELS_DESC"
                    default="-1"
		        >
                    <option value="-1">JALL</option>
                    <option value="1">J1</option>
                    <option value="2">J2</option>
                    <option value="3">J3</option>
                    <option value="4">J4</option>
                    <option value="5">J5</option>
                </field>
                <field
                    name="show_categories_noauth"
                    type="list"
                    label="COM_GEOCARS_SHOW_UNAUTH_LINKS_LABEL"
                    description="COM_GEOCARS_SHOW_CATEGORY_UNAUTH_LINKS_DESC"
                    default="1"
		        >
                    <option value="0">JNO</option>
                    <option value="1">JYES</option>
                </field>
                <field
                    name="items_to_display"
                    type="list"
                    label="COM_GEOCARS_CATEGORY_ITEMS_TO_DISPLAY_LABEL"
                    description="COM_GEOCARS_CATEGORY_ITEMS_TO_DISPLAY_DESC"
                    default="None"
		        >
                    <option value="None">JNONE</option>
                    <option value="[%%CompObject_plural_name%%]">COM_GEOCARS_[%%COMPOBJECTPLURAL%%]</option>
                </field>
                <field
                    name="show_categories_num_items"
                    type="list"
                    label="COM_GEOCARS_NUMBER_CATEGORY_ITEMS_LABEL"
                    description="COM_GEOCARS_NUMBER_CATEGORY_ITEMS_DESC"
                    default="1"
		        >
                    <option value="0">JHIDE</option>
                    <option value="1">JSHOW</option>
                </field>
            </fieldset>
            <fieldset
                name="Category"
                label="JCATEGORY"
                description="COM_GEOCARS_FIELD_CONFIG_CATEGORY_DESC"
	        >
                <field
                    id="category_component"
                    name="category_component"
                    type="component"
                    label="COM_GEOCARS_FIELD_CATEGORY_COMPONENT_LABEL"
                    description="COM_GEOCARS_FIELD_CATEGORY_COMPONENT_DESC"
                    extension="com_geocars"
                    class="inputbox"
                />
                <field
                    name="show_cat_title"
                    type="list"
                    label="JGLOBAL_SHOW_CATEGORY_TITLE"
                    description="JGLOBAL_SHOW_CATEGORY_TITLE_DESC"
                    default="1"
		        >
                    <option value="0">JHIDE</option>
                    <option value="1">JSHOW</option>
                </field>
                <field
                    name="show_cat_description"
                    type="list"
                    label="JGLOBAL_SHOW_CATEGORY_DESCRIPTION_LABEL"
                    description="JGLOBAL_SHOW_CATEGORY_DESCRIPTION_DESC"
                    default="1"
		        >
                    <option value="0">JHIDE</option>
                    <option value="1">JSHOW</option>
                </field>
                <field
                    name="show_cat_description_image"
                    type="list"
                    label="JGLOBAL_SHOW_CATEGORY_IMAGE_LABEL"
                    description="JGLOBAL_SHOW_CATEGORY_IMAGE_DESC"
                    default="1"
		        >
                    <option value="0">JHIDE</option>
                    <option value="1">JSHOW</option>
                </field>
                <field
                    name="show_cat_subcat_heading"
                    type="radio"
                    label="JGLOBAL_SHOW_CATEGORY_HEADING_TITLE_TEXT_LABEL"
                    description="JGLOBAL_SHOW_CATEGORY_HEADING_TITLE_TEXT_DESC"
                    default="1"
		        >
                    <option value="0">JHIDE</option>
                    <option value="1">JSHOW</option>
                </field>
                <field
                    name="show_empty_cat"
                    type="list"
                    label="JGLOBAL_SHOW_EMPTY_CATEGORIES_LABEL"
                    description="COM_GEOCARS_SHOW_EMPTY_CATEGORIES_DESC"
                    default="1"
		        >
                    <option value="0">JHIDE</option>
                    <option value="1">JSHOW</option>
                </field>
                <field
                    name="show_subcat_desc"
                    type="list"
                    label="JGLOBAL_SHOW_SUBCATEGORIES_DESCRIPTION_LABEL"
                    description="JGLOBAL_SHOW_SUBCATEGORIES_DESCRIPTION_DESC"
                    default="1"
		        >
                    <option value="0">JHIDE</option>
                    <option value="1">JSHOW</option>
                </field>
                <field
                    name="show_category_max_level"
                    type="list"
                    label="JGLOBAL_MAXIMUM_CATEGORY_LEVELS_LABEL"
                    description="JGLOBAL_MAXIMUM_CATEGORY_LEVELS_DESC"
                    default="-1"
		        >
                    <option value="-1">JALL</option>
                    <option value="1">J1</option>
                    <option value="2">J2</option>
                    <option value="3">J3</option>
                    <option value="4">J4</option>
                    <option value="5">J5</option>
                </field>
                <field
                    name="show_cat_noauth"
                    type="list"
                    label="COM_GEOCARS_SHOW_UNAUTH_LINKS_LABEL"
                    description="COM_GEOCARS_SHOW_CATEGORY_UNAUTH_LINKS_DESC"
                    default="1"
		        >
                    <option value="0">JNO</option>
                    <option value="1">JYES</option>
                </field>
                <field
                    name="show_cat_num_items"
                    type="list"
                    label="COM_GEOCARS_NUMBER_CATEGORY_ITEMS_LABEL"
                    description="COM_GEOCARS_NUMBER_CATEGORY_ITEMS_DESC"
                    default="1"
		        >
                    <option value="0">JHIDE</option>
                    <option value="1">JSHOW</option>
                </field>
            </fieldset>
            <fieldset
                    name="global-permissions"
                    label="COM_GEOCARS_PERMISSIONS_LABEL"
                    description="COM_GEOCARS_PERMISSIONS_DESC"
	        >
                    <field
                        name="rules"
                        type="rules"
                        label="COM_GEOCARS_PERMISSIONS_LABEL"
                        class="inputbox"
                        filter="rules"
                        validate="rules"
                        component="com_geocars"
                        section="component"
		    />
            </fieldset>
        </fields>

    </config>    
</extension>

