<?xml version="1.0" encoding="UTF-8" ?>
 <extension type="package" version="2.5" method="upgrade">
 <name>Pulse</name>
 <packagename>pulse</packagename>
 <creationDate>October 2014</creationDate>
 <author>Markus Bopp - Crosstec GmbH &amp; Co. KG</author>
 <copyright>Copyright © 2014 Markus Bopp - Crosstec GmbH &amp; Co. KG</copyright>
 <version>1.0</version>
 <url>http://crosstec.de/</url>
 <packager>Crosstec GmbH &amp; Co. KG</packager>
 <scriptfile>script.php</scriptfile>
 <description>Package to install the template. The slider and iconic buttons are available as manual installs from the modules directory.</description>
 <files folder="packages">
    <file type="plugin" id="rokextender" group="system">rokextender.zip</file>
    <file type="module" id="mod_roknavmenu" client="site">mod_roknavmenu.zip</file>
    <file type="template" id="tpl_pulse" client="site">tpl_pulse.zip</file>
 </files>
 </extension>
